{
    "short_name": "SID",
    "name": "Sistem Informasi Driver BPD Bali",
    "icons": [{
            "src": "/images/192x192.png",
            "type": "image/png",
            "sizes": "192x192"
        },
        {
            "src": "/images/512x512.png",
            "type": "image/png",
            "sizes": "512x512"
        }
    ],
    "start_url": "/",
    "background_color": "#3367D6",
    "display": "standalone",
    "scope": "/",
    "theme_color": "#3367D6",
    "shortcuts": [{
            "name": "How's weather today?",
            "short_name": "Today",
            "description": "View weather information for today",
            "url": "/",
            "icons": [{ "src": "/images/icons/192x192.png", "sizes": "192x192" }]
        },
        {
            "name": "How's weather tomorrow?",
            "short_name": "Tomorrow",
            "description": "View weather information for tomorrow",
            "url": "/",
            "icons": [{ "src": "/images/icons/192x192.png", "sizes": "192x192" }]
        }
    ],
    "description": "Weather forecast information",
    "screenshots": [{
            "src": "/images/screenshot1.png",
            "type": "image/png",
            "sizes": "540x720"
        },
        {
            "src": "/images/screenshot2.jpg",
            "type": "image/jpg",
            "sizes": "540x720"
        }
    ]
}